name,version_c,version_d,os,platform,removed,autosized,type,unit,value
audit_log_buffer_size,10,,all,all,0,0,integer,byte,"1048576"
audit_log_connection_policy,20,,all,all,0,0,enumeration,,"ALL"
audit_log_exclude_accounts,20,,all,all,0,0,string,,"NULL"
audit_log_file,10,,all,all,0,0,file name,,"audit.log"
audit_log_flush,10,,all,all,0,0,boolean,,"OFF"
audit_log_format,14,,all,all,0,0,enumeration,,"OLD"
audit_log_include_accounts,20,,all,all,0,0,string,,"NULL"
audit_log_policy,10,,all,all,0,0,enumeration,,"ALL"
audit_log_rotate_on_size,10,,all,all,0,0,integer,byte,"0"
audit_log_statement_policy,20,,all,all,0,0,enumeration,,"ALL"
audit_log_strategy,10,,all,all,0,0,enumeration,,"ASYNCHRONOUS"
authentication_windows_log_level,10,,Windows,all,0,0,integer,,"0"
authentication_windows_use_principal_name,10,,Windows,all,0,0,boolean,,"ON"
autocommit,0,,all,all,0,0,boolean,,"ON"
automatic_sp_privileges,0,,all,all,0,0,boolean,,"TRUE"
auto_increment_increment,0,,all,all,0,0,integer,,"1"
auto_increment_offset,0,,all,all,0,0,integer,,"1"
avoid_temporal_upgrade,24,,all,all,0,0,boolean,,"OFF"
back_log,0,,all,all,0,0,integer,,"50"
back_log,6,,all,all,0,1,integer,,""
big_tables,0,,all,all,0,0,boolean,,"OFF"
bind_address,1,,all,all,0,0,string,,"0.0.0.0"
bind_address,6,,all,all,0,0,string,,"*"
binlogging_impossible_mode,20,,all,all,0,0,enumeration,,"IGNORE_ERROR"
binlog_cache_size,0,,all,all,0,0,integer,byte,"32768"
binlog_checksum,2,,all,all,0,0,string,,"NONE"
binlog_checksum,6,,all,all,0,0,string,,"CRC32"
binlog_direct_non_transactional_updates,0,,all,all,0,0,boolean,,"OFF"
binlog_error_action,22,,all,all,0,0,enumeration,,"IGNORE_ERROR"
binlog_format,0,,all,all,0,0,enumeration,,"STATEMENT"
binlog_gtid_simple_recovery,23,,all,all,0,0,boolean,,"FALSE"
binlog_max_flush_queue_time,6,,all,all,0,0,integer,microsecond,"0"
binlog_order_commits,6,,all,all,0,0,boolean,,"ON"
binlog_rows_query_log_events,2,,all,all,0,0,boolean,,"FALSE"
binlog_row_image,2,,all,all,0,0,enumeration,,"full"
binlog_stmt_cache_size,1,,all,all,0,0,integer,byte,"32768"
block_encryption_mode,17,,all,all,0,0,string,,"aes-128-ecb"
bulk_insert_buffer_size,0,,all,all,0,0,integer,byte,"8388608"
character_set_database,0,,all,all,0,0,string,,"latin1"
character_set_filesystem,0,,all,all,0,0,string,,"binary"
character_set_server,0,,all,all,0,0,string,,"latin1"
character_set_system,0,,all,all,0,0,string,,"utf8"
collation_database,0,,all,all,0,0,string,,"latin1_swedish_ci"
collation_server,0,,all,all,0,0,string,,"latin1_swedish_ci"
completion_type,0,,all,all,0,0,enumeration,,"NO_CHAIN"
concurrent_insert,0,,all,all,0,0,enumeration,,"AUTO"
connect_timeout,0,,all,all,0,0,integer,second,"10"
core_file,0,,all,all,0,0,boolean,,"OFF"
daemon_memcached_enable_binlog,6,,all,all,0,0,boolean,,"false"
daemon_memcached_engine_lib_name,6,,all,all,0,0,file name,,"innodb_engine.so"
daemon_memcached_engine_lib_path,6,,all,all,0,0,directory name,,"NULL"
daemon_memcached_option,6,,all,all,0,0,string,,""
daemon_memcached_r_batch_size,6,,all,all,0,0,integer,,"1"
daemon_memcached_w_batch_size,6,,all,all,0,0,integer,,"1"
datetime_format,0,,all,all,0,0,string,,"%Y-%m-%d %H:%i:%s"
date_format,0,,all,all,0,0,string,,"%Y-%m-%d"
debug,0,,Windows,all,0,0,string,,"d:t:i:O,\mysqld.trace"
debug,0,,Linux,all,0,0,string,,"d:t:i:o,/tmp/mysqld.trace"
default_storage_engine,0,,all,all,0,0,enumeration,,"InnoDB"
default_tmp_storage_engine,3,,all,all,0,0,enumeration,,"InnoDB"
default_week_format,0,,all,all,0,0,integer,,"0"
delayed_insert_limit,0,,all,all,0,0,integer,,"100"
delayed_insert_timeout,0,,all,all,0,0,integer,second,"300"
delayed_queue_size,0,,all,all,0,0,integer,,"1000"
delay_key_write,0,,all,all,0,0,enumeration,,"ON"
disable_gtid_unsafe_statements,5,,all,all,0,0,boolean,,"false"
disable_gtid_unsafe_statements,9,,all,all,1,0,,,""
disconnect_on_expired_password,10,,all,all,0,0,boolean,,"ON"
div_precision_increment,0,,all,all,0,0,integer,,"4"
end_markers_in_json,5,,all,all,0,0,boolean,,"OFF"
enforce_gtid_consistency,9,,all,all,0,0,boolean,,"false"
engine_condition_pushdown,0,,all,all,0,0,boolean,,"ON"
engine_condition_pushdown,1,,all,all,1,0,,,""
eq_range_index_dive_limit,5,,all,all,0,0,integer,,"10"
event_scheduler,0,,all,all,0,0,enumeration,,"OFF"
expire_logs_days,0,,all,all,0,0,integer,day,"0"
explicit_defaults_for_timestamp,6,,all,all,0,0,boolean,,"FALSE"
flush,0,,all,all,0,0,boolean,,"OFF"
flush_time,0,,Windows,all,0,0,integer,second,"1800"
flush_time,0,,Linux,all,0,0,integer,second,"0"
flush_time,6,,all,all,0,0,integer,second,"0"
foreign_key_checks,0,,all,all,0,0,boolean,,"1"
ft_boolean_syntax,0,,all,all,0,0,string,,"+ -><()~*:""""&|"
ft_max_word_len,0,,all,all,0,0,integer,,"84"
ft_min_word_len,0,,all,all,0,0,integer,,"4"
ft_query_expansion_limit,0,,all,all,0,0,integer,,"20"
ft_stopword_file,0,,all,all,0,0,file name,,"(built-in)"
general_log,0,,all,all,0,0,boolean,,"OFF"
general_log_file,0,,all,all,0,1,file name,,""
group_concat_max_len,0,,all,all,0,0,integer,byte,"1024"
gtid_done,5,,all,all,0,0,string,,""
gtid_done,9,,all,all,1,0,,,""
gtid_executed,9,,all,all,0,0,string,,""
gtid_lost,5,,all,all,0,0,string,,""
gtid_lost,9,,all,all,1,0,,,""
gtid_mode,5,,all,all,0,0,enumeration,,"OFF"
gtid_next,5,,all,all,0,0,enumeration,,"AUTOMATIC"
gtid_owned,5,,all,all,0,0,string,,""
gtid_purged,9,,all,all,0,0,string,,""
have_compress,0,,all,all,0,0,boolean,,"YES"
have_crypt,0,,Windows,all,0,0,boolean,,"NO"
have_crypt,0,,Linux,all,0,0,boolean,,"YES"
have_csv,0,,all,all,0,0,boolean,,"YES"
have_csv,1,,all,all,1,0,,,""
have_dynamic_loading,0,,all,all,0,0,boolean,,"YES"
have_geometry,0,,all,all,0,0,boolean,,"YES"
have_innodb,0,,all,all,0,0,boolean,,"YES"
have_innodb,1,,all,all,1,0,,,""
have_ndbcluster,0,,all,all,0,0,boolean,,"NO"
have_openssl,0,,all,all,0,0,enumeration,,"DISABLED"
have_partitioning,0,,all,all,0,0,boolean,,"YES"
have_partitioning,1,,all,all,1,0,,,""
have_profiling,0,,all,all,0,0,boolean,,"YES"
have_query_cache,0,,all,all,0,0,boolean,,"YES"
have_rtree_keys,0,,all,all,0,0,boolean,,"YES"
have_ssl,0,,all,all,0,0,enumeration,,"DISABLED"
have_symlink,0,,all,all,0,0,enumeration,,"YES"
host_cache_size,5,,all,all,0,0,integer,,"128"
host_cache_size,8,,all,all,0,1,integer,,""
ignore_builtin_innodb,0,,all,all,0,0,boolean,,"OFF"
ignore_db_dirs,3,,all,all,0,0,string,,""
init_connect,0,,all,all,0,0,string,,""
init_file,0,,all,all,0,0,file name,,""
init_slave,0,,all,all,0,0,string,,""
innodb_adaptive_flushing,0,,all,all,0,0,boolean,,"ON"
innodb_adaptive_flushing_lwm,6,,all,all,0,0,integer,,"10"
innodb_adaptive_hash_index,0,,all,all,0,0,boolean,,"ON"
innodb_adaptive_max_sleep_delay,3,,all,all,0,0,integer,microsecond,"150000"
innodb_additional_mem_pool_size,0,,all,all,0,0,integer,byte,"8388608"
innodb_api_bk_commit_interval,7,,all,all,0,0,integer,second,"5"
innodb_api_disable_rowlock,6,,all,all,0,0,boolean,,"OFF"
innodb_api_enable_binlog,6,,all,all,0,0,boolean,,"OFF"
innodb_api_enable_mdl,6,,all,all,0,0,boolean,,"OFF"
innodb_api_trx_level,6,,all,all,0,0,integer,,"0"
innodb_autoextend_increment,0,,all,all,0,0,integer,megabyte,"8"
innodb_autoextend_increment,6,,all,all,0,0,integer,megabyte,"64"
innodb_autoinc_lock_mode,0,,all,all,0,0,integer,,"1"
innodb_buffer_pool_dump_at_shutdown,3,,all,all,0,0,boolean,,"OFF"
innodb_buffer_pool_dump_now,3,,all,all,0,0,boolean,,"OFF"
innodb_buffer_pool_filename,3,,all,all,0,0,file name,,"ib_buffer_pool"
innodb_buffer_pool_instances,0,,all,all,0,0,integer,,"1"
innodb_buffer_pool_instances,6,,all,all,0,1,integer,,""
innodb_buffer_pool_load_abort,3,,all,all,0,0,boolean,,"OFF"
innodb_buffer_pool_load_at_startup,3,,all,all,0,0,boolean,,"OFF"
innodb_buffer_pool_load_now,3,,all,all,0,0,boolean,,"OFF"
innodb_buffer_pool_size,0,,all,all,0,0,integer,byte,"134217728"
innodb_change_buffering,0,,all,all,0,0,enumeration,,"all"
innodb_change_buffering_debug,0,,all,all,0,0,integer,,"0"
innodb_change_buffer_max_size,2,,all,all,0,0,integer,,"25"
innodb_checksums,0,,all,all,0,0,boolean,,"ON"
innodb_checksum_algorithm,3,,all,all,0,0,enumeration,,"innodb"
innodb_checksum_algorithm,6,,all,all,0,0,enumeration,,"crc32"
innodb_checksum_algorithm,7,,all,all,0,0,enumeration,,"innodb"
innodb_cmp_per_index_enabled,7,,all,all,0,0,boolean,,"OFF"
innodb_commit_concurrency,0,,all,all,0,0,integer,,"0"
innodb_compression_failure_threshold_pct,7,,all,all,0,0,integer,,"5"
innodb_compression_level,7,,all,all,0,0,integer,,"6"
innodb_compression_pad_pct_max,7,,all,all,0,0,integer,,"50"
innodb_concurrency_tickets,0,,all,all,0,0,integer,,"500"
innodb_concurrency_tickets,6,,all,all,0,0,integer,,"5000"
innodb_data_file_path,0,,all,all,0,0,string,,"ibdata1:10M:autoextend"
innodb_data_file_path,7,,all,all,0,0,integer,,"ibdata1:12M:autoextend"
innodb_data_home_dir,0,,all,all,0,1,directory name,,""
innodb_disable_sort_file_cache,4,,all,all,0,0,boolean,,"OFF"
innodb_doublewrite,0,,all,all,0,0,boolean,,"ON"
innodb_fast_shutdown,0,,all,all,0,0,integer,,"1"
innodb_file_format,0,,all,all,0,0,string,,"Antelope"
innodb_file_format_check,0,,all,all,0,0,boolean,,"ON"
innodb_file_format_max,0,,all,all,0,0,string,,"Antelope"
innodb_file_per_table,0,,all,all,0,0,boolean,,"OFF"
innodb_file_per_table,6,,all,all,0,0,boolean,,"ON"
innodb_fil_make_page_dirty_debug,17,,all,all,0,0,integer,,"0"
innodb_flushing_avg_loops,6,,all,all,0,0,integer,,"30"
innodb_flush_log_at_timeout,5,,all,all,0,0,integer,second,"1"
innodb_flush_log_at_trx_commit,0,,all,all,0,0,enumeration,,"1"
innodb_flush_method,0,,Linux,all,0,0,string,,"NULL"
innodb_flush_method,0,,Windows,all,0,0,string,,"async_unbuffered"
innodb_flush_neighbors,3,,all,all,0,0,enumeration,,"1"
innodb_force_load_corrupted,3,,all,all,0,0,boolean,,"OFF"
innodb_force_recovery,0,,all,all,0,0,integer,,"0"
innodb_ft_aux_table,4,,all,all,0,0,string,,""
innodb_ft_cache_size,4,,all,all,0,0,integer,byte,"32000000"
innodb_ft_cache_size,10,,all,all,0,0,integer,byte,"8000000"
innodb_ft_enable_diag_print,4,,all,all,0,0,boolean,,"ON"
innodb_ft_enable_diag_print,7,,all,all,0,0,boolean,,"OFF"
innodb_ft_enable_stopword,4,,all,all,0,0,boolean,,"ON"
innodb_ft_max_token_size,4,,all,all,0,0,integer,,"84"
innodb_ft_min_token_size,4,,all,all,0,0,integer,,"3"
innodb_ft_num_word_optimize,4,,all,all,0,0,integer,,"2000"
innodb_ft_result_cache_limit,13,,all,all,0,0,integer,byte,"2000000000"
innodb_ft_server_stopword_table,4,,all,all,0,0,string,,"NULL"
innodb_ft_sort_pll_degree,4,,all,all,0,0,integer,,"2"
innodb_ft_total_cache_size,13,,all,all,0,0,integer,byte,"640000000"
innodb_ft_user_stopword_table,4,,all,all,0,0,string,,"NULL"
innodb_io_capacity,0,,all,all,0,0,integer,,"200"
innodb_io_capacity_max,6,,all,all,0,1,integer,,""
innodb_large_prefix,3,,all,all,0,0,boolean,,"OFF"
innodb_limit_optimistic_insert_debug,0,,all,all,0,0,integer,,"0"
innodb_locks_unsafe_for_binlog,0,,all,all,0,0,boolean,,"OFF"
innodb_lock_wait_timeout,0,,all,all,0,0,integer,second,"50"
innodb_log_buffer_size,0,,all,all,0,0,integer,byte,"8388608"
innodb_log_compressed_pages,11,,all,all,0,0,boolean,,"ON"
innodb_log_files_in_group,0,,all,all,0,0,integer,,"2"
innodb_log_file_size,0,,all,all,0,0,integer,byte,"5242880"
innodb_log_file_size,8,,all,all,0,0,integer,byte,"50331648"
innodb_lru_scan_depth,3,,all,all,0,0,integer,,"1024"
innodb_max_dirty_pages_pct,0,,all,all,0,0,integer,,"75"
innodb_max_dirty_pages_pct_lwm,6,,all,all,0,0,integer,,"0"
innodb_max_purge_lag,0,,all,all,0,0,integer,byte,"0"
innodb_max_purge_lag_delay,5,,all,all,0,0,integer,millisecond,"0"
innodb_mirrored_log_groups,0,,all,all,0,0,integer,,"1"
innodb_monitor_disable,2,,all,all,0,0,string,,""
innodb_monitor_enable,2,,all,all,0,0,string,,""
innodb_monitor_reset,2,,all,all,0,0,string,,""
innodb_monitor_reset_all,2,,all,all,0,0,string,,""
innodb_numa_interleave,27,,all,all,0,0,boolean,,"OFF"
innodb_old_blocks_pct,0,,all,all,0,0,integer,,"37"
innodb_old_blocks_time,0,,all,all,0,0,integer,millisecond,"0"
innodb_old_blocks_time,6,,all,all,0,0,integer,millisecond,"1000"
innodb_online_alter_log_max_size,6,,all,all,0,0,integer,byte,"134217728"
innodb_open_files,0,,all,all,0,0,integer,,"300"
innodb_open_files,6,,all,all,0,1,integer,,""
innodb_optimize_fulltext_only,4,,all,all,0,0,boolean,,"OFF"
innodb_page_size,4,,all,all,0,0,enumeration,byte,"16384"
innodb_print_all_deadlocks,2,,all,all,0,0,boolean,,"OFF"
innodb_purge_batch_size,0,,all,all,0,0,integer,,"20"
innodb_purge_batch_size,3,,all,all,0,0,integer,,"300"
innodb_purge_threads,0,,all,all,0,0,integer,,"0"
innodb_purge_threads,5,,all,all,0,0,integer,,"1"
innodb_random_read_ahead,3,,all,all,0,0,boolean,,"OFF"
innodb_read_ahead_threshold,0,,all,all,0,0,integer,,"56"
innodb_read_io_threads,0,,all,all,0,0,integer,,"4"
innodb_read_only,7,,all,all,0,0,boolean,,"OFF"
innodb_replication_delay,0,,all,all,0,0,integer,millisecond,"0"
innodb_rollback_on_timeout,0,,all,all,0,0,boolean,,"OFF"
innodb_rollback_segments,2,,all,all,0,0,integer,,"128"
innodb_saved_page_number_debug,17,,all,all,0,0,integer,,"0"
innodb_sort_buffer_size,4,,all,all,0,0,integer,byte,"1048576"
innodb_spin_wait_delay,0,,all,all,0,0,integer,,"6"
innodb_stats_auto_recalc,6,,all,all,0,0,boolean,,"ON"
innodb_stats_method,2,,all,all,0,0,enumeration,,"nulls_equal"
innodb_stats_on_metadata,0,,all,all,0,0,boolean,,"ON"
innodb_stats_on_metadata,6,,all,all,0,0,boolean,,"OFF"
innodb_stats_persistent,6,,all,all,0,0,boolean,,"ON"
innodb_stats_persistent_sample_pages,2,,all,all,0,0,integer,,"20"
innodb_stats_sample_pages,0,,all,all,0,0,integer,,"8"
innodb_stats_transient_sample_pages,2,,all,all,0,0,integer,,"8"
innodb_status_output,16,,all,all,0,0,boolean,,"OFF"
innodb_status_output_locks,16,,all,all,0,0,boolean,,"OFF"
innodb_strict_mode,0,,all,all,0,0,boolean,,"OFF"
innodb_support_xa,0,,all,all,0,0,boolean,,"TRUE"
innodb_sync_array_size,3,,all,all,0,0,integer,,"1"
innodb_sync_spin_loops,0,,all,all,0,0,integer,,"30"
innodb_table_locks,0,,all,all,0,0,boolean,,"TRUE"
innodb_thread_concurrency,0,,all,all,0,0,integer,,"0"
innodb_thread_sleep_delay,0,,all,all,0,0,integer,microsecond,"10000"
innodb_tmpdir,29,,all,all,0,0,directory name,,"NULL"
innodb_trx_purge_view_update_only_debug,0,,all,all,0,0,boolean,,"OFF"
innodb_trx_rseg_n_slots_debug,0,,all,all,0,0,integer,,"0"
innodb_undo_directory,3,,all,all,0,0,directory name,,"."
innodb_undo_logs,3,,all,all,0,0,integer,,"128"
innodb_undo_tablespaces,3,,all,all,0,0,integer,,"0"
innodb_use_native_aio,0,,all,all,0,0,boolean,,"ON"
innodb_use_sys_malloc,0,,all,all,0,0,boolean,,"ON"
innodb_version,11,,all,all,0,0,string,,"5.6.11"
innodb_version,12,,all,all,0,0,string,,"5.6.12"
innodb_version,13,,all,all,0,0,string,,"5.6.13"
innodb_version,14,,all,all,0,0,string,,"5.6.14"
innodb_version,15,,all,all,0,0,string,,"5.6.15"
innodb_version,16,,all,all,0,0,string,,"5.6.16"
innodb_version,17,,all,all,0,0,string,,"5.6.17"
innodb_version,18,,all,all,0,0,string,,"5.6.18"
innodb_version,19,,all,all,0,0,string,,"5.6.19"
innodb_version,20,,all,all,0,0,string,,"5.6.20"
innodb_version,21,,all,all,0,0,string,,"5.6.21"
innodb_version,22,,all,all,0,0,string,,"5.6.22"
innodb_version,23,,all,all,0,0,string,,"5.6.23"
innodb_version,24,,all,all,0,0,string,,"5.6.24"
innodb_version,25,,all,all,0,0,string,,"5.6.25"
innodb_version,26,,all,all,0,0,string,,"5.6.26"
innodb_version,27,,all,all,0,0,string,,"5.6.27"
innodb_version,28,,all,all,0,0,string,,"5.6.28"
innodb_version,29,,all,all,0,0,string,,"5.6.29"
innodb_version,30,,all,all,0,0,string,,"5.6.30"
innodb_version,31,,all,all,0,0,string,,"5.6.31"
innodb_version,32,,all,all,0,0,string,,"5.6.32"
innodb_version,33,,all,all,0,0,string,,"5.6.33"
innodb_version,34,,all,all,0,0,string,,"5.6.34"
innodb_write_io_threads,0,,all,all,0,0,integer,,"4"
interactive_timeout,0,,all,all,0,0,integer,second,"28800"
join_buffer_size,0,,all,all,0,0,integer,byte,"131072"
join_buffer_size,6,,all,all,0,0,integer,byte,"262144"
keep_files_on_create,0,,all,all,0,0,boolean,,"OFF"
key_buffer_size,0,,all,all,0,0,integer,byte,"8388608"
key_cache_age_threshold,0,,all,all,0,0,integer,,"300"
key_cache_block_size,0,,all,all,0,0,integer,byte,"1024"
key_cache_division_limit,0,,all,all,0,0,integer,,"100"
large_files_support,0,,all,all,0,0,boolean,,"ON"
large_pages,0,,all,all,0,0,boolean,,"FALSE"
large_page_size,0,,all,all,0,0,integer,byte,"0"
lc_messages,0,,all,all,0,0,string,,"en_US"
lc_time_names,0,,all,all,0,0,string,,"en_US"
license,0,,all,all,0,0,string,,"GPL"
local_infile,0,,all,all,0,0,boolean,,"ON"
locked_in_memory,0,,all,all,0,0,boolean,,"FALSE"
lock_wait_timeout,0,,all,all,0,0,integer,second,"31536000"
log,0,,all,all,0,0,string,,"OFF"
log,1,,all,all,1,0,,,""
log_bin,0,,all,all,0,0,boolean,,"OFF"
log_bin_basename,2,,all,all,0,1,file name,,""
log_bin_index,4,,all,all,0,1,file name,,""
log_bin_trust_function_creators,0,,all,all,0,0,boolean,,"FALSE"
log_bin_use_v1_row_events,6,,all,all,0,0,boolean,,"0"
log_error,0,,all,all,0,1,file name,,""
log_output,0,,all,all,0,0,set,,"FILE"
log_queries_not_using_indexes,0,,all,all,0,0,boolean,,"OFF"
log_slave_updates,0,,all,all,0,0,boolean,,"FALSE"
log_slow_admin_statements,11,,all,all,0,0,boolean,,"OFF"
log_slow_queries,0,,all,all,0,0,boolean,,"OFF"
log_slow_queries,1,,all,all,1,0,,,""
log_slow_slave_statements,11,,all,all,0,0,boolean,,"OFF"
log_throttle_queries_not_using_indexes,5,,all,all,0,0,integer,,"0"
log_warnings,0,,all,all,0,0,integer,,"1"
long_query_time,0,,all,all,0,0,numeric,second,"10"
lower_case_table_names,0,,all,all,0,0,integer,,"0"
low_priority_updates,0,,all,all,0,0,boolean,,"FALSE"
master_info_repository,2,,all,all,0,0,string,,"FILE"
master_verify_checksum,2,,all,all,0,0,boolean,,"OFF"
max_allowed_packet,0,,all,all,0,0,integer,byte,"1048576"
max_allowed_packet,6,,all,all,0,0,integer,byte,"4194304"
max_binlog_cache_size,0,,all,all,0,0,integer,byte,"18446744073709551615"
max_binlog_size,0,,all,all,0,0,integer,byte,"1073741824"
max_binlog_stmt_cache_size,1,,all,all,0,0,integer,byte,"18446744073709547520"
max_connections,0,,all,all,0,0,integer,,"151"
max_connect_errors,0,,all,all,0,0,integer,,"10"
max_connect_errors,6,,all,all,0,0,integer,,"100"
max_delayed_threads,0,,all,all,0,0,integer,,"20"
max_digest_length,0,,all,all,0,0,integer,byte,"1024"
max_error_count,0,,all,all,0,0,integer,,"64"
max_heap_table_size,0,,all,all,0,0,integer,byte,"16777216"
max_insert_delayed_threads,0,,all,all,0,0,integer,,"20"
max_join_size,0,,all,all,0,0,integer,,"18446744073709551615"
max_length_for_sort_data,0,,all,all,0,0,integer,,"1024"
max_long_data_size,0,,all,all,1,0,,,""
max_prepared_stmt_count,0,,all,all,0,0,integer,,"16382"
max_relay_log_size,0,,all,all,0,0,integer,byte,"0"
max_seeks_for_key,0,,all,64-bit,0,0,integer,,"18446744073709551615"
max_seeks_for_key,0,,all,32-bit,0,0,integer,,"4294967295"
max_sort_length,0,,all,all,0,0,integer,byte,"1024"
max_sp_recursion_depth,0,,all,all,0,0,integer,,"0"
max_tmp_tables,0,,all,all,0,0,integer,,"32"
max_user_connections,0,,all,all,0,0,integer,,"0"
max_write_lock_count,0,,all,64-bit,0,0,integer,,"18446744073709551615"
max_write_lock_count,0,,all,32-bit,0,0,integer,,"4294967295"
metadata_locks_cache_size,4,,all,all,0,0,integer,,"1024"
metadata_locks_hash_instances,8,,all,all,0,0,integer,,"8"
min_examined_row_limit,0,,all,all,0,0,integer,,"0"
multi_range_count,0,,all,all,0,0,integer,,"256"
myisam_data_pointer_size,0,,all,all,0,0,integer,byte,"6"
myisam_max_sort_file_size,0,,all,32-bit,0,0,integer,byte,"2147483648"
myisam_max_sort_file_size,0,,all,64-bit,0,0,integer,byte,"9223372036854775807"
myisam_mmap_size,0,,all,64-bit,0,0,integer,byte,"18446744073709551615"
myisam_mmap_size,0,,all,32-bit,0,0,integer,byte,"4294967295"
myisam_recover_options,0,,all,all,0,0,enumeration,,"OFF"
myisam_repair_threads,0,,all,all,0,0,integer,,"1"
myisam_sort_buffer_size,0,,all,all,0,0,integer,byte,"8388608"
myisam_stats_method,0,,all,all,0,0,enumeration,,"nulls_unequal"
myisam_use_mmap,0,,all,all,0,0,boolean,,"OFF"
named_pipe,0,,Windows,all,0,0,boolean,,"OFF"
net_buffer_length,0,,all,all,0,0,integer,byte,"16384"
net_read_timeout,0,,all,all,0,0,integer,second,"30"
net_retry_count,0,,all,all,0,0,integer,,"10"
net_write_timeout,0,,all,all,0,0,integer,second,"60"
new,0,,all,all,0,0,boolean,,"FALSE"
old,0,,all,all,0,0,boolean,,"OFF"
old_alter_table,0,,all,all,0,0,boolean,,"OFF"
old_passwords,0,,all,all,0,0,boolean,,"0"
old_passwords,6,,all,all,0,0,enumeration,,"0"
open_files_limit,0,,all,all,0,0,integer,,"0"
open_files_limit,8,,all,all,0,1,integer,,""
optimizer_join_cache_level,1,,all,all,0,0,integer,,"4"
optimizer_prune_level,0,,all,all,0,0,boolean,,"1"
optimizer_search_depth,0,,all,all,0,0,integer,,"62"
optimizer_switch,9,,all,all,0,0,set,,"index_merge=on,index_merge_union=on,index_merge_sort_union=on,index_merge_intersection=on,engine_condition_pushdown=on,index_condition_pushdown=on,mrr=on,mrr_cost_based=on,block_nested_loop=on,batched_key_access=off,materialization=on,semijoin=on,loosescan=on,firstmatch=on,subquery_materialization_cost_based=on,use_index_extensions=on"
optimizer_trace,3,,all,all,0,0,string,,"enabled=off,one_line=off"
optimizer_trace_features,3,,all,all,0,0,string,,"greedy_search=on,range_optimizer=on,dynamic_range=on,repeated_subselect=on"
optimizer_trace_limit,3,,all,all,0,0,integer,,"1"
optimizer_trace_max_mem_size,3,,all,all,0,0,integer,byte,"16384"
optimizer_trace_offset,3,,all,all,0,0,integer,,"-1"
performance_schema,0,,all,all,0,0,boolean,,"OFF"
performance_schema,6,,all,all,0,0,integer,,"ON"
performance_schema_accounts_size,3,,all,all,0,0,integer,,"10"
performance_schema_accounts_size,6,,all,all,0,1,integer,,""
performance_schema_digests_size,5,,all,all,0,1,integer,,""
performance_schema_events_stages_history_long_size,3,,all,all,0,0,integer,,"10000"
performance_schema_events_stages_history_long_size,6,,all,all,0,1,integer,,""
performance_schema_events_stages_history_size,3,,all,all,0,0,integer,,"10"
performance_schema_events_stages_history_size,6,,all,all,0,1,integer,,""
performance_schema_events_statements_history_long_size,3,,all,all,0,0,integer,,"10000"
performance_schema_events_statements_history_long_size,6,,all,all,0,1,integer,,""
performance_schema_events_statements_history_size,3,,all,all,0,0,integer,,"10"
performance_schema_events_statements_history_size,6,,all,all,0,1,integer,,""
performance_schema_events_waits_history_long_size,0,,all,all,0,0,integer,,"10000"
performance_schema_events_waits_history_long_size,6,,all,all,0,1,integer,,""
performance_schema_events_waits_history_size,0,,all,all,0,0,integer,,"10"
performance_schema_events_waits_history_size,6,,all,all,0,1,integer,,""
performance_schema_hosts_size,3,,all,all,0,0,integer,,"10"
performance_schema_hosts_size,6,,all,all,0,1,integer,,""
performance_schema_max_cond_classes,0,,all,all,0,0,integer,,"80"
performance_schema_max_cond_instances,0,,all,all,0,0,integer,,"1000"
performance_schema_max_cond_instances,6,,all,all,0,1,integer,,""
performance_schema_max_digest_length,26,,all,all,0,0,integer,byte,"1024"
performance_schema_max_file_classes,0,,all,all,0,0,integer,,"50"
performance_schema_max_file_handles,0,,all,all,0,0,integer,,"32768"
performance_schema_max_file_instances,0,,all,all,0,0,integer,,"10000"
performance_schema_max_file_instances,6,,all,all,0,1,integer,,""
performance_schema_max_mutex_classes,0,,all,all,0,0,integer,,"200"
performance_schema_max_mutex_instances,0,,all,all,0,0,integer,,"1000"
performance_schema_max_mutex_instances,6,,all,all,0,1,integer,,""
performance_schema_max_rwlock_classes,0,,all,all,0,0,integer,,"20"
performance_schema_max_rwlock_classes,1,,all,all,0,0,integer,,"30"
performance_schema_max_rwlock_classes,15,,all,all,0,0,integer,,"40"
performance_schema_max_rwlock_instances,0,,all,all,0,0,integer,,"1000"
performance_schema_max_rwlock_instances,6,,all,all,0,1,integer,,""
performance_schema_max_socket_classes,3,,all,all,0,0,integer,,"10"
performance_schema_max_socket_instances,3,,all,all,0,0,integer,,"1000"
performance_schema_max_socket_instances,6,,all,all,0,1,integer,,""
performance_schema_max_stage_classes,3,,all,all,0,0,integer,,"150"
performance_schema_max_statement_classes,3,,all,all,0,1,integer,,""
performance_schema_max_table_handles,0,,all,all,0,0,integer,,"100000"
performance_schema_max_table_handles,6,,all,all,0,1,integer,,""
performance_schema_max_table_instances,0,,all,all,0,0,integer,,"50000"
performance_schema_max_table_instances,6,,all,all,0,1,integer,,""
performance_schema_max_thread_classes,0,,all,all,0,0,integer,,"50"
performance_schema_max_thread_instances,0,,all,all,0,0,integer,,"1000"
performance_schema_max_thread_instances,6,,all,all,0,1,integer,,""
performance_schema_session_connect_attrs_size,6,,all,all,0,1,integer,,""
performance_schema_setup_actors_size,1,,all,all,0,0,integer,,"100"
performance_schema_setup_objects_size,1,,all,all,0,0,integer,,"100"
performance_schema_users_size,3,,all,all,0,0,integer,,"10"
performance_schema_users_size,6,,all,all,0,1,integer,,""
pid_file,0,,all,all,0,1,file name,,""
plugin_dir,0,,all,all,0,1,directory name,,""
port,0,,all,all,0,0,integer,,"3306"
preload_buffer_size,0,,all,all,0,0,integer,byte,"32768"
profiling,0,,all,all,0,0,boolean,,"OFF"
profiling_history_size,0,,all,all,0,0,integer,,"15"
protocol_version,0,,all,all,0,0,integer,,"10"
query_alloc_block_size,0,,all,all,0,0,integer,byte,"8192"
query_cache_limit,0,,all,all,0,0,integer,byte,"1048576"
query_cache_min_res_unit,0,,all,all,0,0,integer,byte,"4096"
query_cache_size,0,,all,all,0,0,integer,byte,"0"
query_cache_size,8,,all,all,0,0,integer,byte,"1048576"
query_cache_type,0,,all,all,0,0,enumeration,,"ON"
query_cache_type,8,,all,all,0,0,enumeration,,"OFF"
query_cache_wlock_invalidate,0,,all,all,0,0,boolean,,"FALSE"
query_prealloc_size,0,,all,all,0,0,integer,byte,"8192"
range_alloc_block_size,0,,all,all,0,0,integer,byte,"4096"
read_buffer_size,0,,all,all,0,0,integer,byte,"131072"
read_only,0,,all,all,0,0,boolean,,"OFF"
read_rnd_buffer_size,0,,all,all,0,0,integer,byte,"262144"
relay_log,0,,all,all,0,0,file name,,""
relay_log_basename,2,,all,all,0,1,file name,,""
relay_log_index,0,,all,all,0,1,file name,,""
relay_log_info_file,0,,all,all,0,0,file name,,"relay-log.info"
relay_log_info_repository,2,,all,all,0,0,string,,"FILE"
relay_log_purge,0,,all,all,0,0,boolean,,"TRUE"
relay_log_recovery,0,,all,all,0,0,boolean,,"FALSE"
relay_log_space_limit,0,,all,all,0,0,integer,byte,"0"
report_host,0,,all,all,0,0,string,,""
report_password,0,,all,all,0,0,string,,""
report_port,0,,all,all,0,0,integer,,"3306"
report_user,0,,all,all,0,0,string,,""
rpl_recovery_rank,0,,all,all,1,0,,,""
rpl_semi_sync_master_enabled,0,,all,all,0,0,boolean,,"OFF"
rpl_semi_sync_master_timeout,0,,all,all,0,0,integer,millisecond,"10000"
rpl_semi_sync_master_trace_level,0,,all,all,0,0,integer,,"32"
rpl_semi_sync_master_wait_no_slave,0,,all,all,0,0,boolean,,"ON"
rpl_semi_sync_slave_enabled,0,,all,all,0,0,boolean,,"OFF"
rpl_semi_sync_slave_trace_level,0,,all,all,0,0,integer,,"32"
rpl_stop_slave_timeout,13,,all,all,0,0,integer,second,"31536000"
secure_auth,0,,all,all,0,0,boolean,,"OFF"
secure_auth,5,,all,all,0,0,boolean,,"ON"
secure_file_priv,0,,all,all,0,0,string,,""
server_id,0,,all,all,0,0,integer,,"0"
server_id_bits,0,,all,all,0,0,integer,,"32"
sha256_password_private_key_path,6,,all,all,0,0,file name,,"private_key.pem"
sha256_password_public_key_path,6,,all,all,0,0,file name,,"public_key.pem"
shared_memory,0,,Windows,all,0,0,boolean,,"FALSE"
shared_memory_base_name,0,,Windows,all,0,0,string,,"MYSQL"
show_old_temporals,24,,all,all,0,0,boolean,,"OFF"
simplified_binlog_gtid_recovery,21,,all,all,0,0,boolean,,"FALSE"
skip_external_locking,0,,all,all,0,0,boolean,,"ON"
skip_name_resolve,0,,all,all,0,0,boolean,,"OFF"
skip_networking,0,,all,all,0,0,boolean,,"OFF"
skip_show_database,0,,all,all,0,0,boolean,,"OFF"
slave_allow_batching,0,,all,all,0,0,boolean,,"off"
slave_checkpoint_group,3,,all,all,0,0,integer,,"512"
slave_checkpoint_period,3,,all,all,0,0,integer,millisecond,"300"
slave_compressed_protocol,0,,all,all,0,0,boolean,,"OFF"
slave_exec_mode,0,,all,all,0,0,enumeration,,"STRICT"
slave_load_tmpdir,0,,all,all,0,0,directory name,,"/tmp"
slave_max_allowed_packet,6,,all,all,0,0,integer,byte,"1073741824"
slave_net_timeout,0,,all,all,0,0,integer,second,"3600"
slave_parallel_workers,3,,all,all,0,0,integer,,"0"
slave_pending_jobs_size_max,3,,all,all,0,0,integer,byte,"16777216"
slave_rows_search_algorithms,6,,all,all,0,0,set,,"TABLE_SCAN,INDEX_SCAN"
slave_skip_errors,0,,all,all,0,0,string,,"OFF"
slave_sql_verify_checksum,2,,all,all,0,0,boolean,,"1"
slave_transaction_retries,0,,all,all,0,0,integer,,"10"
slave_type_conversions,0,,all,all,0,0,set,,""
slow_launch_time,0,,all,all,0,0,integer,second,"2"
slow_query_log,0,,all,all,0,0,boolean,,"OFF"
slow_query_log_file,0,,all,all,0,1,file name,,""
socket,0,,OSX,all,0,0,string,,"/tmp/mysql.sock"
socket,0,,Windows,all,0,0,string,,"MySQL"
socket,0,,Linux,all,0,0,string,,"/tmp/mysql.sock"
sort_buffer_size,0,,all,all,0,0,integer,byte,"2097144"
sort_buffer_size,4,,all,all,0,0,integer,byte,"262144"
sql_auto_is_null,0,,all,all,0,0,boolean,,"0"
sql_big_selects,0,,all,all,0,0,boolean,,"1"
sql_big_tables,0,,all,all,0,0,boolean,,"OFF"
sql_buffer_result,0,,all,all,0,0,boolean,,"0"
sql_log_bin,0,,all,all,0,0,boolean,,"1"
sql_log_off,0,,all,all,0,0,boolean,,"0"
sql_low_priority_updates,0,,all,all,0,0,boolean,,"FALSE"
sql_max_join_size,0,,all,all,0,0,integer,,"18446744073709551615"
sql_mode,0,,all,all,0,0,set,,""
sql_mode,6,,all,all,0,0,set,,"NO_ENGINE_SUBSTITUTION"
sql_notes,0,,all,all,0,0,boolean,,"1"
sql_quote_show_create,0,,all,all,0,0,boolean,,"1"
sql_safe_updates,0,,all,all,0,0,boolean,,"0"
sql_select_limit,0,,all,64-bit,0,0,integer,,"18446744073709551615"
sql_select_limit,0,,all,32-bit,0,0,integer,,"4294967295"
sql_slave_skip_counter,0,,all,all,0,0,integer,,"0"
sql_warnings,0,,all,all,0,0,boolean,,"0"
ssl_ca,0,,all,all,0,0,file name,,""
ssl_capath,0,,all,all,0,0,directory name,,""
ssl_cert,0,,all,all,0,0,file name,,""
ssl_cipher,0,,all,all,0,0,string,,""
ssl_crl,3,,all,all,0,0,file name,,""
ssl_crlpath,3,,all,all,0,0,directory name,,""
ssl_key,0,,all,all,0,0,file name,,""
storage_engine,0,,all,all,0,0,enumeration,,"InnoDB"
stored_program_cache,5,,all,all,0,0,integer,,"256"
sync_binlog,0,,all,all,0,0,integer,,"0"
sync_frm,0,,all,all,0,0,boolean,,"TRUE"
sync_master_info,0,,all,all,0,0,integer,,"0"
sync_master_info,6,,all,all,0,0,integer,,"10000"
sync_relay_log,0,,all,all,0,0,integer,,"0"
sync_relay_log,6,,all,all,0,0,integer,,"10000"
sync_relay_log_info,0,,all,all,0,0,integer,,"0"
sync_relay_log_info,6,,all,all,0,0,integer,,"10000"
table_definition_cache,0,,all,all,0,0,integer,,"400"
table_definition_cache,8,,all,all,0,1,integer,,""
table_open_cache,0,,all,all,0,0,integer,,"400"
table_open_cache,8,,all,all,0,0,integer,,"2000"
table_open_cache_instances,6,,all,all,0,0,integer,,"1"
thread_cache_size,0,,all,all,0,0,integer,,"0"
thread_cache_size,8,,all,all,0,1,integer,,""
thread_concurrency,0,,all,all,0,0,integer,,"10"
thread_handling,0,,all,all,0,0,enumeration,,"one-thread-per-connection"
thread_pool_algorithm,10,,all,all,0,0,integer,,"0"
thread_pool_high_priority_connection,10,,all,all,0,0,integer,,"0"
thread_pool_max_unused_threads,10,,all,all,0,0,integer,,"0"
thread_pool_prio_kickup_timer,10,,all,all,0,0,integer,millisecond,"1000"
thread_pool_size,10,,all,all,0,0,integer,,"16"
thread_pool_stall_limit,10,,all,all,0,0,integer,10 milliseconds,"6"
thread_stack,0,,all,64-bit,0,0,integer,byte,"262144"
thread_stack,0,,all,32-bit,0,0,integer,byte,"196608"
timed_mutexes,0,,all,all,0,0,boolean,,"OFF"
time_format,0,,all,all,0,0,string,,"%H:%i:%s"
time_zone,0,,all,all,0,0,string,,"SYSTEM"
tmp_table_size,0,,all,all,0,0,integer,byte,"16777216"
transaction_alloc_block_size,0,,all,all,0,0,integer,byte,"8192"
transaction_prealloc_size,0,,all,all,0,0,integer,byte,"4096"
tx_isolation,0,,all,all,0,0,enumeration,,"REPEATABLE-READ"
tx_read_only,5,,all,all,0,0,boolean,,"OFF"
unique_checks,0,,all,all,0,0,boolean,,"1"
updatable_views_with_limit,0,,all,all,0,0,boolean,,"1"
validate_user_plugins,11,,all,all,0,0,boolean,,"ON"
version,0,,all,all,0,0,string,,"5.6.0"
version,1,,all,all,0,0,string,,"5.6.1"
version,2,,all,all,0,0,string,,"5.6.2"
version,3,,all,all,0,0,string,,"5.6.3"
version,4,,all,all,0,0,string,,"5.6.4"
version,5,,all,all,0,0,string,,"5.6.5"
version,6,,all,all,0,0,string,,"5.6.6"
version,7,,all,all,0,0,string,,"5.6.7"
version,8,,all,all,0,0,string,,"5.6.8"
version,9,,all,all,0,0,string,,"5.6.9"
version,10,,all,all,0,0,string,,"5.6.10"
version,11,,all,all,0,0,string,,"5.6.11"
version,12,,all,all,0,0,string,,"5.6.12"
version,13,,all,all,0,0,string,,"5.6.13"
version,14,,all,all,0,0,string,,"5.6.14"
version,15,,all,all,0,0,string,,"5.6.15"
version,16,,all,all,0,0,string,,"5.6.16"
version,17,,all,all,0,0,string,,"5.6.17"
version,18,,all,all,0,0,string,,"5.6.18"
version,19,,all,all,0,0,string,,"5.6.19"
version,20,,all,all,0,0,string,,"5.6.20"
version,21,,all,all,0,0,string,,"5.6.21"
version,22,,all,all,0,0,string,,"5.6.22"
version,23,,all,all,0,0,string,,"5.6.23"
version,24,,all,all,0,0,string,,"5.6.24"
version,25,,all,all,0,0,string,,"5.6.25"
version,26,,all,all,0,0,string,,"5.6.26"
version,27,,all,all,0,0,string,,"5.6.27"
version,28,,all,all,0,0,string,,"5.6.28"
version,29,,all,all,0,0,string,,"5.6.29"
version,30,,all,all,0,0,string,,"5.6.30"
version,31,,all,all,0,0,string,,"5.6.31"
version,32,,all,all,0,0,string,,"5.6.32"
version,33,,all,all,0,0,string,,"5.6.33"
version,34,,all,all,0,0,string,,"5.6.34"
wait_timeout,0,,all,all,0,0,integer,second,"28800"
